弹幕内容,发送位置,发送时间,弹幕类型,弹幕字体大小,发送者id
黄磊老师早期作品,0分9秒,2020--08--31 08:00:47,顶部弹幕,25,f23a6e73
黄  磊  老  师  未  公  开  出  道  早  期  作  品,0分22秒,2020--07--30 11:48:22,顶部弹幕,25,4271064f
赛    博    朋    克    2    0    7    7,0分0秒,2019--11--11 23:46:57,顶部弹幕,25,17102cbd
苏 联 极 限 单 兵 作 战 计 划,1分4秒,2020--10--05 12:23:06,顶部弹幕,25,491ab300
深  夜  食  堂,0分33秒,2020--08--23 10:25:28,顶部弹幕,25,79bb25af
《  光  翼  展  开  》,1分14秒,2020--08--23 06:01:53,顶部弹幕,25,8d7a66e0
仙    人    指    路,0分39秒,2020--10--01 09:54:29,顶部弹幕,25,643c7838
圣光灵神，重生之翼，瀚宇星皇，天启帝君，混元天尊，启灵元神,0分2秒,2020--09--05 07:28:28,顶部弹幕,25,6e7f89aa
实验室震荡试管（标准操作，狗头）,1分21秒,2020--11--20 13:18:46,顶部弹幕,25,bf10031f
老 夫 撩 发 少 年 狂,0分59秒,2020--08--16 13:52:53,顶部弹幕,25,f939947b
让  我  独  享  经  验,0分56秒,2020--06--02 00:08:29,顶部弹幕,25,2e6db7a6
光   翼   展   开,1分15秒,2020--10--01 13:11:20,顶部弹幕,25,de7517df
物业敲门笑死哈哈哈哈哈哈哈,1分19秒,2019--11--23 16:03:22,普通弹幕,25,741c8189
震  荡  试  管,1分18秒,2020--10--04 14:01:29,顶部弹幕,25,9aee9b79
     欢      迎      回       家      ,0分0秒,2021--02--14 11:49:18,顶部弹幕,25,9601ec30
Pdd后排稳定输出,0分44秒,2021--06--07 15:57:55,顶部弹幕,25,926105e6
老 夫 撩 发 少 年 狂,1分0秒,2020--09--26 07:40:34,顶部弹幕,25,f939947b
您   的   面   容   ID   已   解   锁,1分13秒,2020--10--01 21:14:28,顶部弹幕,25,fd1e147b
龙卷风摧毁停车场,0分51秒,2020--08--30 07:47:12,顶部弹幕,25,a58fa831
奥斯卡最佳短片,0分0秒,2020--12--07 13:10:28,顶部弹幕,25,40e84d1d
老 夫 撩 发 少 年 狂,1分0秒,2020--10--23 21:33:39,顶部弹幕,25,f939947b
一 睹 芳 容,1分7秒,2020--07--31 00:54:11,顶部弹幕,25,b21e82e7
借问酒家何处有，牧童忙跳新宝岛。,0分45秒,2020--12--26 09:12:26,顶部弹幕,25,f88c4eb0
请  选  择     您  的  英  雄,0分6秒,2020--12--08 17:49:09,顶部弹幕,25,e7a368a6
黄 磊 上 菜,0分55秒,2020--12--18 14:21:23,顶部弹幕,25,df3bb02a
老   夫   撩   发   少   年   狂,1分2秒,2020--12--16 19:20:59,顶部弹幕,25,5d9048cb
狒   狒   挠   头,0分42秒,2020--10--24 16:13:36,顶部弹幕,25,5fdfff03
光 翼 展 开,1分15秒,2020--09--19 19:05:29,顶部弹幕,25,2ddce483
老夫撩发少年狂,0分59秒,2020--09--29 21:47:35,顶部弹幕,25,18b2fb9a
停      车      场      反      杀      龙      卷      风,0分52秒,2019--10--05 22:19:30,顶部弹幕,25,fe5cb7f7
战 术 踉 跄,0分58秒,2020--09--30 01:04:01,顶部弹幕,25,ed05ef3
黄  磊  切  菜,0分23秒,2020--08--23 10:25:00,顶部弹幕,25,79bb25af
仙   人   指   路,0分38秒,2020--07--29 21:49:28,顶部弹幕,25,4a995a98
龙卷风摧毁停车场,0分55秒,2020--09--25 13:23:55,顶部弹幕,25,e791b37
你也拿土豆 七毛钱一袋哟,0分35秒,2020--09--09 21:49:07,顶部弹幕,25,9ca9528d
您的iPhone已解锁,1分8秒,2020--10--01 22:01:40,顶部弹幕,25,75d9a957
秦  王  扫  六  合,0分50秒,2020--08--02 12:58:56,普通弹幕,25,de2a4d38
秦  王  扫  六  合,0分56秒,2019--11--16 16:34:07,顶部弹幕,25,ba1ffb3c
战   术   踉   跄,0分59秒,2020--07--30 21:58:38,顶部弹幕,25,e6d2e151
秦      王      扫      六      合,0分54秒,2020--07--28 21:24:05,普通弹幕,25,813e7353
你也要土豆，七毛钱一袋呦,0分36秒,2020--10--16 23:10:49,顶部弹幕,25,fdf78c2a
光   翼   展   开,1分15秒,2020--08--06 10:15:09,顶部弹幕,25,a487d53b
您的iPhone已解锁,1分12秒,2020--10--05 17:55:47,顶部弹幕,25,400cdde8
苏 联 极 限 单 兵 作 战 计 划,1分4秒,2021--01--05 19:00:54,普通弹幕,25,16788a4f
钢笔没水,1分17秒,2020--10--29 23:22:15,顶部弹幕,25,21179adf
牛奶 咖喱 土豆 豌豆 梨 西瓜 咸蛋,0分27秒,2020--10--01 23:51:33,顶部弹幕,25,c35b2113
【便宜点便宜点便宜点】,0分32秒,2020--10--17 12:57:38,顶部弹幕,25,2e86dbfb
牛奶，咖喱，土豆，豌豆，梨，西瓜，咸蛋,0分26秒,2020--04--03 14:31:31,顶部弹幕,25,4bc2538c
梦 开 始 的 地 方,0分0秒,2020--09--29 13:36:57,普通弹幕,25,abe164bd
你也要土豆 七毛钱一袋呦,0分35秒,2020--10--01 21:21:58,顶部弹幕,25,7f179d7f
请       选       择       你       的        出        场        英         雄,0分6秒,2019--11--02 14:16:04,顶部弹幕,25,71b5d7a3
一  睹  芳  容,1分8秒,2020--08--20 22:57:24,普通弹幕,25,b908504e
战   术   踉   跄,0分58秒,2020--03--28 15:47:00,顶部弹幕,25,7f25e4b4
战术踉跄,0分58秒,2020--10--27 22:37:28,顶部弹幕,25,76dfd1cf
狒 狒 挠 头,0分41秒,2020--09--26 23:29:47,顶部弹幕,25,e994d10a
梦开始的地方,0分0秒,2020--09--19 21:17:21,普通弹幕,25,d084d422
远看黄磊，近看籽岷,1分8秒,2020--09--15 16:31:25,普通弹幕,25,abc43dc9
您的iPad已解锁,1分7秒,2020--06--03 19:45:49,顶部弹幕,25,a49337d4
龙卷风摧毁停车场,0分55秒,2020--10--30 12:13:11,顶部弹幕,25,3f9ba0c3
领                    衔                    主                    演,0分7秒,2019--06--26 19:24:09,顶部弹幕,25,83a6f65e
还是这个版本看着震撼，ԅ(¯ㅂ¯ԅ),1分3秒,2020--07--26 01:03:51,普通弹幕,25,1c19c8ea
秦  王  扫  六  合,0分52秒,2020--07--02 12:32:31,普通弹幕,25,cd5b4035
一        睹        芳        容,1分8秒,2020--06--29 20:40:26,顶部弹幕,25,5d755311
籽岷的MC单人极限生存,1分10秒,2021--02--13 01:57:46,顶部弹幕,25,56ddc1eb
牛奶，咖喱，胡桃，豌豆，梨，西瓜，咸蛋,0分25秒,2020--10--02 14:06:57,普通弹幕,25,bf2c2239
秦王扫六合,0分51秒,2020--08--22 12:42:34,顶部弹幕,25,61e31379
真  “镇  站  之  宝”,0分5秒,2020--07--29 21:39:54,普通弹幕,25,537ad515
龙卷风摧毁停车场,0分54秒,2020--09--29 22:06:33,普通弹幕,25,f6ae8db6
仙  人  指  路,0分38秒,2020--09--26 23:29:29,顶部弹幕,25,e994d10a
秦王扫六合，虎视何雄哉,1分3秒,2020--10--01 06:51:32,顶部弹幕,25,feaeff6b
您的iPhone 已解锁,1分8秒,2020--10--10 22:32:10,顶部弹幕,25,a7180c4b
恐龙妈妈提笔忘字,0分14秒,2020--10--04 00:37:38,顶部弹幕,25,c5a74b69
哦 上帝 看这朦胧的美感,0分16秒,2020--09--30 21:18:13,普通弹幕,25,42beb5ab
牛奶 咖喱 土豆 豌豆 梨 西瓜 咸蛋,0分26秒,2020--10--01 11:25:42,顶部弹幕,25,98ecfdca
试管振荡,1分20秒,2020--09--29 12:46:22,顶部弹幕,25,1a1d4dc5
牛奶，咖喱，土豆，豌豆，梨，西瓜，咸蛋,0分26秒,2020--08--26 05:34:32,顶部弹幕,25,212a3e88
籽 岷 挖 矿,1分20秒,2020--04--11 15:19:33,普通弹幕,25,807cead7
众                       神                       归                         位,0分12秒,2019--12--07 14:45:52,顶部弹幕,25,445f8586
借问酒家何处有 ，牧童倒拔垂杨柳,0分34秒,2021--02--05 21:50:05,普通弹幕,25,13fb0821
本场MVP黄磊老师,1分8秒,2020--10--10 21:48:32,普通弹幕,25,832cc310
秦王扫六合,0分51秒,2020--12--05 09:33:52,顶部弹幕,25,4775e259
真·互动视频【跟着做】,0分1秒,2019--10--02 22:14:49,普通弹幕,25,4db6b0c
老妇撩发少年狂,1分0秒,2020--10--14 11:15:47,顶部弹幕,25,6cdb23b0
牛奶  咖喱  土豆  豌豆  梨   西瓜   咸蛋,0分29秒,2020--12--06 14:23:44,顶部弹幕,25,27559f04
牛奶，咖喱，土豆，豌豆，梨，西瓜，咸蛋,0分26秒,2020--11--22 19:30:20,顶部弹幕,25,ec85ea8
请 选 择 你 的 英 雄,0分4秒,2020--08--07 12:18:51,顶部弹幕,25,8e39ec9c
黄磊居然打赤膊,0分3秒,2020--04--30 22:21:57,普通弹幕,25,504d851c
请 选 择 你 的 英 雄,0分0秒,2020--11--12 14:42:55,顶部弹幕,25,9b9d95bb
6666,0分0秒,2021--08--03 12:08:33,普通弹幕,25,8c3f8cee
震荡试管,1分20秒,2020--10--01 11:35:30,顶部弹幕,25,b72bf744
究         级          生            物,0分5秒,2019--06--24 22:08:06,顶部弹幕,25,33e84c09
     一     睹     芳     容     ,1分1秒,2020--10--02 02:20:32,顶部弹幕,25,9e37886a
这简直就是镇站之宝啊！！！！！,0分0秒,2020--07--31 14:08:34,普通弹幕,25,9546e052
空气:我当时害怕极了,0分23秒,2020--03--19 18:12:43,普通弹幕,25,a8a49ec1
人                  脸                 识                        别,1分7秒,2019--09--29 08:36:40,顶部弹幕,25,ceaf51a1
众                  神               归                  位,0分7秒,2019--09--21 17:51:49,顶部弹幕,25,f49afc01
领                    衔                    主                    演,0分11秒,2019--06--26 19:23:34,顶部弹幕,25,83a6f65e
战术踉跄,0分58秒,2020--10--21 19:53:31,顶部弹幕,25,91605e52
狒狒挠头,0分41秒,2020--10--15 13:29:12,顶部弹幕,25,e3f72061
籽岷挖矿,1分21秒,2020--10--04 21:01:29,顶部弹幕,25,2a78b117
震荡试管的哈哈哈哈哈哈,1分22秒,2019--10--29 21:23:09,顶部弹幕,25,2a238cf0
您的iPhone以解锁,1分8秒,2020--09--14 10:05:55,普通弹幕,25,1439d3e8
天   人   之   姿,0分6秒,2020--10--13 22:06:08,顶部弹幕,25,fba7f44
一 睹 芳 容,1分8秒,2020--10--01 13:58:37,顶部弹幕,25,80d84228
仙     人     指     路     仙     人     指     路     仙     人     指     路     仙     人     指     路  ,0分38秒,2020--06--12 00:17:11,顶部弹幕,25,14b75e55
牛腩咖喱土豆豌豆梨西瓜咸蛋,0分26秒,2020--03--06 00:49:48,顶部弹幕,25,86c20b1
秦     王     扫     六     合,0分53秒,2020--08--08 13:54:58,顶部弹幕,25,b2c37340
请 选 择 你 的 英 雄,0分3秒,2020--09--29 00:30:24,普通弹幕,25,c1604156
牛奶，咖喱，土豆，豌豆，梨子，西瓜，咸蛋,0分26秒,2020--08--03 14:00:56,顶部弹幕,25,68851035
黄        金        体        验        镇        魂        曲,0分3秒,2019--10--07 20:53:14,顶部弹幕,25,261e9d6
让我独享经验,0分53秒,2020--10--05 09:51:58,顶部弹幕,25,ab5b765f
牛奶 咖喱 土豆 豌豆 你是个咸蛋,0分26秒,2020--04--17 00:37:32,普通弹幕,25,35b95834
狗 熊 蹭 树,0分45秒,2020--09--26 23:30:06,顶部弹幕,25,e994d10a
齐           楚                燕                    秦                  赵                魏            韩,0分9秒,2019--10--19 23:56:08,顶部弹幕,25,4e7238ff
梦开始的地方,0分6秒,2020--10--02 14:55:09,顶部弹幕,25,aa338a34
熊二蹭树,0分46秒,2020--10--04 12:05:20,顶部弹幕,25,45c14e5f
鲤                    鱼                     打                     挺,1分18秒,2019--11--20 00:21:45,普通弹幕,25,33232310
恐龙妈妈提笔忘字,0分11秒,2020--10--10 22:16:20,普通弹幕,25,4edb886f
榴莲咖喱土豆豌豆梨西瓜咸蛋,0分26秒,2020--10--02 23:06:23,顶部弹幕,25,4fad47b
非战斗人员请撤离,0分20秒,2020--09--10 19:04:56,普通弹幕,25,f45a7880
牛奶，咖喱，土豆，豌豆，梨，西瓜，咸蛋,0分26秒,2020--07--18 19:25:13,顶部弹幕,25,3301c3fc
牛奶咖喱土豆豌豆梨西瓜咸蛋,0分25秒,2020--11--30 19:49:57,普通弹幕,25,1dfe711d
请选择你的英雄。,0分2秒,2020--09--10 11:50:31,普通弹幕,25,656357a1
榴莲 咖喱 土豆 豌豆 梨 西瓜 咸蛋,0分28秒,2020--07--26 08:51:03,普通弹幕,25,ce02c1d6
精   神   食   粮,0分0秒,2020--04--02 21:47:14,顶部弹幕,25,c545b7c9
仙                    人                    指                    路,0分38秒,2019--10--11 13:41:51,顶部弹幕,25,90377d8b
光   翼   展    开,1分16秒,2021--05--01 19:01:05,顶部弹幕,25,bddaa763
牛奶   咖喱   土豆   豌豆  你西瓜生蛋,0分27秒,2020--09--05 15:57:46,普通弹幕,25,5d634260
牛奶咖喱土豆豌豆梨西瓜咸蛋,0分26秒,2020--10--05 22:48:43,普通弹幕,25,d08d2195
非正常拍摄哈哈哈哈哈笑死,0分5秒,2020--01--18 12:17:19,普通弹幕,25,772d7d1e
故            技             重               施                                                        ,1分6秒,2019--11--01 19:43:22,普通弹幕,25,c79291e8
众               神               归               位,0分3秒,2019--10--03 12:35:00,顶部弹幕,25,1123739c
选择你的英雄,0分0秒,2020--10--02 17:49:27,普通弹幕,25,e74fa43
仙                                        人                                        指               路,0分37秒,2019--09--07 12:55:49,普通弹幕,25,58205b1a
籽  岷  挖  矿,1分24秒,2021--02--07 09:55:15,顶部弹幕,25,22ef3d84
牛奶  咖喱  土豆  豌豆  梨  西瓜  咸蛋,0分27秒,2020--08--20 21:40:32,普通弹幕,25,e2069998
众               神               归               位,0分11秒,2019--09--27 12:43:29,顶部弹幕,25,5f1dba21
摸摸妈妈机翼摸肚啊咖喱苦多,0分20秒,2021--11--20 15:53:45,普通弹幕,25,c2d5385d
这充满不羁的眼神,1分5秒,2019--07--31 19:00:47,顶部弹幕,25,34b7af67
牛奶  咖喱  土豆  豌豆  梨  西瓜  咸蛋,0分26秒,2020--05--30 16:32:34,顶部弹幕,25,d6b7f063
败                        者                        食                        尘,0分3秒,2019--10--07 21:05:06,顶部弹幕,25,261e9d6
让 我 独 享 经 验,0分50秒,2019--12--18 13:26:33,顶部弹幕,25,be69965
战术踉跄哈哈哈哈哈哈,0分56秒,2019--08--19 16:50:58,普通弹幕,25,d603c0da
光翼展开,1分15秒,2020--10--04 23:53:59,顶部弹幕,25,78bbd7df
仙人指路                                                                    。,1分3秒,2019--10--04 09:22:21,普通弹幕,25,155357ee
光                   翼                    展                      开,1分17秒,2019--09--30 15:56:36,普通弹幕,25,40e73d9b
战   术   踉   跄,0分59秒,2019--08--24 10:06:19,顶部弹幕,25,103cb542
鲤                    鱼                     打                     挺,1分18秒,2019--11--20 00:22:14,普通弹幕,25,33232310
黄磊早期作品,1分13秒,2020--01--29 10:22:13,顶部弹幕,25,6ddee845
籽    岷    挖    矿,1分23秒,2021--01--09 09:39:01,顶部弹幕,25,5f0cff6
梦开始的地方！！！！！！！！、、,0分24秒,2020--09--02 16:19:51,普通弹幕,25,a8c83e82
仙          人          指          路      仙          人          指          路,0分51秒,2019--11--02 13:16:35,普通弹幕,25,934fbe7
仙                     人                       指                           路,0分38秒,2019--10--07 17:14:26,普通弹幕,25,92ace3e1
                                             3000w了撒花撒花,0分15秒,2019--10--22 22:17:03,顶部弹幕,25,16ce2f20
六       神       归        位,0分9秒,2020--09--12 09:35:33,普通弹幕,25,20a791f7
自                求                    多                    福,0分7秒,2019--10--04 21:05:15,顶部弹幕,25,af96c33f
众          神          归          位,0分6秒,2021--02--07 11:15:11,顶部弹幕,25,ff0c086
66,0分4秒,2021--08--09 16:48:02,普通弹幕,25,abc30075
666,0分4秒,2021--07--31 09:43:37,普通弹幕,25,f84ad73
请 选 择 你 的 英 雄,0分1秒,2020--08--03 17:56:36,顶部弹幕,25,c944f375
截图选老婆,0分47秒,2020--10--01 13:26:09,顶部弹幕,25,d85478b3
守   约   甩   狙,0分54秒,2020--03--16 19:54:40,顶部弹幕,25,a4bce6
物 业 敲 门,1分6秒,2021--04--09 04:08:38,顶部弹幕,25,b49c58ea
普京早期作品,0分11秒,2019--05--29 10:05:44,顶部弹幕,25,26c9015b
牛奶 咖喱 土豆 豌豆 梨 西瓜 咸蛋,0分28秒,2020--10--01 21:05:42,普通弹幕,25,3e5ca43f
普京早期作品,1分9秒,2019--12--22 23:28:14,顶部弹幕,25,9bda9eb1
哈哈，我也想说开头像jojo立，看过来就见有人刷不老妖精了,0分19秒,2019--05--28 22:08:45,普通弹幕,25,88ed78fb
666,0分4秒,2021--08--10 10:28:24,普通弹幕,25,30526a85
苏 联 极 限 单 兵 作 战 计 划,1分1秒,2020--12--19 00:20:55,普通弹幕,25,73502322
圣光灵神，重生之翼，瀚宇星皇，天启帝君，混元天尊，启灵元神,0分18秒,2020--11--07 15:42:16,顶部弹幕,25,6e7f89aa
一  睹  芳  容,1分6秒,2020--01--30 09:41:27,顶部弹幕,25,111fe796
666,0分2秒,2021--08--09 20:27:02,普通弹幕,25,2c6c566b
仙  人   指   路,0分41秒,2021--04--11 13:03:45,顶部弹幕,25,46fc5177
好家伙,1分19秒,2021--08--10 10:25:59,普通弹幕,25,598e0f2c
牛奶  咖喱  土豆  豌豆  梨  西瓜  咸蛋,0分31秒,2021--07--21 11:22:26,普通弹幕,25,8dc1e0a7
《原来你也玩光遇》,1分18秒,2022--02--02 22:09:28,普通弹幕,25,b684eb76
66666,0分1秒,2021--08--14 18:41:17,普通弹幕,25,e4d5ca1a
6666,0分2秒,2021--08--14 00:12:24,普通弹幕,25,2c48ad1f
66666,0分4秒,2021--08--13 14:41:29,普通弹幕,25,2d33599b
666,0分2秒,2021--08--13 13:33:39,普通弹幕,25,c3954bed
6666,0分3秒,2021--08--10 21:18:48,普通弹幕,25,f06b5f96
666,0分4秒,2021--08--12 13:17:30,普通弹幕,25,54b7994
666,0分3秒,2021--08--15 18:17:51,普通弹幕,25,bb98fac3
草,0分25秒,2022--11--22 14:17:16,普通弹幕,25,bd7d2c7e
吴克,0分5秒,2021--11--24 17:37:15,普通弹幕,25,f496aa1
666,0分4秒,2021--08--17 11:44:34,普通弹幕,25,9330ee90
666666,0分2秒,2021--08--16 22:04:42,普通弹幕,25,9bb67f9c
6666,0分7秒,2021--11--21 18:04:41,普通弹幕,25,f7b86c04
666666,0分6秒,2021--08--20 19:45:14,普通弹幕,25,613604e5
牛奶 咖喱 腐乳 豌豆 梨 西瓜 咸蛋,0分32秒,2021--03--26 16:57:47,普通弹幕,25,f8a32b8b
确信,0分38秒,2021--12--11 08:40:09,普通弹幕,25,f02d4f1c
老赛尔号了,0分5秒,2021--08--15 17:43:55,普通弹幕,25,61be3749
666,0分11秒,2023--01--15 18:18:18,普通弹幕,25,48371df5
笑抽了,0分43秒,2023--01--12 00:23:50,普通弹幕,25,2a41ce5a
人才啊！！,0分41秒,2023--01--07 23:15:22,普通弹幕,25,b894f4cd
666,0分5秒,2022--10--20 23:35:41,普通弹幕,25,e94e949c
77,0分9秒,2022--08--16 03:44:23,普通弹幕,25,8c29de2e
66666666,0分9秒,2022--05--02 20:28:23,普通弹幕,25,cea2076b
6666,0分5秒,2022--05--02 14:13:36,普通弹幕,25,888ccde1
老常长老了,0分6秒,2022--02--03 13:37:43,普通弹幕,25,b879fbe1
黄磊老师在线砍价,0分39秒,2023--04--09 14:06:10,普通弹幕,25,2351beda
《托塔李天王》,0分54秒,2023--04--09 11:34:44,普通弹幕,25,6e05adb0
众神归位,0分16秒,2023--04--09 11:02:17,普通弹幕,25,9fc05cb6
众神归位,0分21秒,2023--04--09 10:44:41,普通弹幕,25,a1ca48d2
仙   人    指      路,0分42秒,2023--04--09 08:57:32,普通弹幕,25,ff81ab69
这才是经典,0分35秒,2023--04--09 05:15:55,普通弹幕,25,97f7c8d2
6666,0分27秒,2023--04--09 00:47:03,普通弹幕,25,a3122c0f
牧 童 遥 指 杏 花 村,0分39秒,2023--04--08 23:39:58,顶部弹幕,25,da19665
eeeee,0分0秒,2023--04--08 22:16:58,顶部弹幕,25,140234bd
eeeeeeee,0分49秒,2023--04--08 22:16:36,顶部弹幕,25,140234bd
缺一门 里的家丁队长,1分4秒,2023--04--08 20:27:45,普通弹幕,25,e2d4704f
居然到达了恐怖的一亿播放量,0分5秒,2023--04--08 20:08:10,普通弹幕,25,a2d53b13
梦开始的地方,0分13秒,2023--04--08 19:44:52,普通弹幕,25,e5c578f8
大鹏展翅,1分16秒,2023--04--08 19:10:16,普通弹幕,25,66c80e44
秦王扫六合，虎视何雄哉,0分51秒,2023--04--08 18:03:51,顶部弹幕,25,58bda786
。。,0分24秒,2023--04--08 17:55:18,普通弹幕,25,29fadf8c
6666,0分56秒,2023--04--08 17:18:51,普通弹幕,25,7f69d091
新来的，看看镇站之宝,0分1秒,2023--04--08 16:53:57,普通弹幕,25,40a290b5
宴请八方,0分53秒,2023--04--08 15:57:42,普通弹幕,25,c45ea47f
口 魔 妈 妈 给 我 一 袋 米 ~,1分15秒,2023--04--08 14:28:46,顶部弹幕,25,ff046945
破亿播放了！！！！！,0分1秒,2023--04--08 14:27:09,顶部弹幕,25,ff046945
牛奶  咖喱  土豆  豌豆  梨   西瓜   咸蛋,0分36秒,2023--04--08 11:38:26,普通弹幕,25,a617aada
1.4亿播放,0分0秒,2023--04--08 11:28:51,普通弹幕,25,40b61392
战国七雄,0分1秒,2023--04--08 11:27:30,普通弹幕,25,fb9313dc
战国七雄,0分33秒,2023--04--08 11:26:55,普通弹幕,25,fb9313dc
每天一遍,0分36秒,2023--04--08 09:40:27,普通弹幕,25,9cb6c149
[ohh],0分52秒,2023--04--07 23:05:46,普通弹幕,25,b8fd888a
体力不支,1分27秒,2023--04--07 22:10:54,顶部弹幕,25,ce175ab9
一睹芳容,1分9秒,2023--04--07 22:07:18,顶部弹幕,25,ce175ab9
请选择你的英雄,0分0秒,2023--04--07 22:05:45,顶部弹幕,25,ce175ab9
物业敲门,1分21秒,2023--04--07 22:05:13,顶部弹幕,25,ce175ab9
关公单刀赴会,0分56秒,2023--04--07 22:04:36,顶部弹幕,25,ce175ab9
顶级厨尸,0分34秒,2023--04--07 22:03:49,顶部弹幕,25,ce175ab9
恐龙妈妈提笔忘字,0分15秒,2023--04--07 22:03:03,顶部弹幕,25,ce175ab9
惊人的播放量,0分2秒,2023--04--07 21:55:10,普通弹幕,25,8ffaca50
物业敲门,1分22秒,2023--04--07 21:11:06,顶部弹幕,25,722fb1cc
豆瓣评分:10分,0分37秒,2023--04--07 20:59:41,普通弹幕,25,3dd23832
都23年了，现在还50＋,1分24秒,2023--04--07 20:59:13,普通弹幕,25,1901a104
原来电摇早就有了,0分5秒,2023--04--07 20:29:15,普通弹幕,25,a9f39302
新番《就算你的脸再模糊，我也认得出你是谁》,0分0秒,2023--04--07 20:07:58,普通弹幕,25,772def6e
有点晕乎。,1分4秒,2023--04--07 20:00:35,普通弹幕,25,d73097d7
牛奶咖喱土豆豌豆梨西瓜咸蛋,0分25秒,2023--04--07 17:36:56,普通弹幕,18,15cdf806
你也要土豆，七毛钱一袋呦,0分37秒,2023--04--07 16:09:10,顶部弹幕,25,8c2c5bd5
龙卷风吹毁停车场,1分4秒,2023--04--07 09:34:12,普通弹幕,25,60f6f7b9
一天不看浑身难受，看了一遍难受一天,0分48秒,2023--04--06 22:51:35,普通弹幕,25,962afb87
狗     熊     打     人,1分20秒,2023--04--06 22:17:48,顶部弹幕,25,f1c2fbd9
牛奶，咖喱，土豆，豌豆，梨，西瓜，咸蛋,0分26秒,2023--04--06 21:41:17,顶部弹幕,25,95e24d5e
张大仙,0分33秒,2023--04--06 14:04:19,普通弹幕,25,d43f62ce
选择你的女仆,0分0秒,2023--04--06 11:16:42,顶部弹幕,25,5ffe6f64
一  睹  芳  容,1分8秒,2023--04--06 10:55:32,顶部弹幕,25,cbe4adab
请选择你的英雄,0分6秒,2023--04--06 10:53:56,顶部弹幕,25,cbe4adab
叮咛叮咛叮咛,0分42秒,2023--04--06 10:45:07,普通弹幕,25,15d76642
1,0分8秒,2023--04--06 05:01:15,普通弹幕,25,fb3b1192
每日合影,0分45秒,2023--04--05 22:27:41,普通弹幕,25,1e5fa73e
每日合影,0分45秒,2023--04--05 22:27:33,普通弹幕,25,1e5fa73e
故技重施,1分1秒,2023--04--05 21:37:24,顶部弹幕,25,2156e328
优美,0分52秒,2023--04--05 21:26:01,普通弹幕,25,d07bdacf
早 期 籽 岷 用 神 镐 挖 钻 石,1分18秒,2023--04--05 19:29:04,普通弹幕,25,41889519
一睹芳容,1分13秒,2023--04--05 19:07:48,普通弹幕,25,87eaa63d
抽风啦哈哈哈哈,1分23秒,2023--04--05 18:59:53,普通弹幕,25,9d0604f3
xswl,0分49秒,2023--04--05 18:21:15,普通弹幕,25,b8574c1e
！！！！！！,0分21秒,2023--04--05 15:59:37,普通弹幕,25,6f61edd4
秦王扫六合,1分3秒,2023--04--05 12:11:45,顶部弹幕,25,45d0f65d
牛奶  咖喱  土豆  豌豆  梨   西瓜   咸蛋,0分29秒,2023--04--05 10:53:26,顶部弹幕,25,a6714a02
牛奶  咖喱  土豆  豌豆  梨   西瓜   咸蛋,0分29秒,2023--04--05 10:53:22,顶部弹幕,25,a6714a02
牛奶  咖喱  土豆  豌豆  梨   西瓜   咸蛋,0分29秒,2023--04--05 10:53:17,顶部弹幕,25,a6714a02
恐龙妈妈提笔忘字买便宜土豆,0分16秒,2023--04--05 10:52:47,顶部弹幕,25,a6714a02
恐龙妈妈提笔忘字买便宜土豆,0分16秒,2023--04--05 10:52:42,顶部弹幕,25,a6714a02
恐龙妈妈提笔忘字买便宜土豆,0分16秒,2023--04--05 10:52:37,顶部弹幕,25,a6714a02
恐龙妈妈提笔忘字买便宜土豆,0分16秒,2023--04--05 10:52:32,顶部弹幕,25,a6714a02
恐龙妈妈提笔忘字买便宜土豆,0分16秒,2023--04--05 10:52:27,顶部弹幕,25,a6714a02
恐龙妈妈提笔忘字买便宜土豆,0分16秒,2023--04--05 10:52:20,顶部弹幕,25,a6714a02
截图选老婆,0分4秒,2023--04--05 09:49:30,普通弹幕,25,3e0ce593
请选择你的英雄,0分1秒,2023--04--05 09:48:57,普通弹幕,25,3e0ce593
恐龙妈妈提笔忘字~,0分14秒,2023--04--05 09:24:58,顶部弹幕,25,e8de0ed7
正常操作,0分10秒,2023--04--05 06:44:49,普通弹幕,25,6ce5ee95
宴请八方,0分51秒,2023--04--04 23:38:21,普通弹幕,25,82cb6c59
还是新宝岛最经典,0分29秒,2023--04--04 20:45:11,普通弹幕,25,af6175b5
黄磊来也！！！,1分0秒,2023--04--04 20:44:59,普通弹幕,25,7eaea29f
哈哈哈哈哈哈哈哈哈哈哈哈哈哈哈哈哈哈哈哈哈哈哈哈哈哈,1分9秒,2023--04--04 20:27:09,普通弹幕,25,eeaefcec
【神】,0分29秒,2023--04--04 20:00:01,普通弹幕,25,2e076010
脑浆摇匀,1分20秒,2023--04--04 17:30:33,顶部弹幕,25,50c3783c
秦王扫六和，龙卷风摧毁停车场！,0分51秒,2023--04--04 17:29:50,顶部弹幕,25,50c3783c
秦王扫六合,0分55秒,2023--04--04 17:10:31,普通弹幕,25,c3d68401
仙人疯狂指路,0分46秒,2023--04--04 16:39:16,普通弹幕,25,6523103e
我又来啦,0分4秒,2023--04--04 16:07:06,普通弹幕,25,a63aceda
普京总统早期作品,0分11秒,2023--04--04 12:53:08,顶部弹幕,25,72032494
这播放量真实吗,0分7秒,2023--04--04 12:28:25,普通弹幕,25,85df211d
1.4亿的播放量。,0分9秒,2023--04--04 09:24:05,普通弹幕,25,4aaaeef2
一亿再生达成祝贺,0分12秒,2023--04--03 22:50:01,普通弹幕,25,74548056
宴请八分,0分57秒,2023--04--03 22:36:43,普通弹幕,25,912fec29
《电摇小子》,0分28秒,2023--04--03 16:51:51,普通弹幕,25,96f0cd39
黄磊,0分13秒,2023--04--03 16:35:59,普通弹幕,25,7f862b1f
牛奶咖喱土豆豌豆梨西瓜咸蛋,0分26秒,2023--04--03 14:52:32,普通弹幕,25,b84a0e29
笑死硬币根本花不完,0分11秒,2023--04--03 12:57:08,顶部弹幕,25,ddd3169f
画质越糊杀伤越高 ,0分41秒,2023--04--03 12:52:42,顶部弹幕,25,ddd3169f
宴请八方,0分53秒,2023--04--03 12:49:38,顶部弹幕,25,6f8b5bd2
上   下   打   点,0分25秒,2023--04--03 12:49:01,顶部弹幕,25,6f8b5bd2
仙人指路,0分39秒,2023--04--02 22:58:41,普通弹幕,25,c22b093a
防止抑郁再来亿遍,0分49秒,2023--04--02 22:22:06,顶部弹幕,25,398274a0
感谢野生弹幕君,1分12秒,2023--04--02 20:44:56,普通弹幕,25,b52eda8d
梦开始的地方,0分0秒,2023--04--02 19:17:37,普通弹幕,25,252998f3
仙人指路,0分43秒,2023--04--02 17:33:10,普通弹幕,18,1c1829c3
B站之罪,0分3秒,2023--04--02 17:25:45,普通弹幕,25,3823a0ad
      食      堂      打     菜      ,0分22秒,2023--04--02 16:54:03,顶部弹幕,25,6f42f84c
众神归位,0分6秒,2023--04--02 16:43:20,普通弹幕,25,9fa1871
6,0分14秒,2023--04--02 15:33:20,普通弹幕,25,d9b70bdc
再睹芳容,1分8秒,2023--04--02 15:32:23,普通弹幕,25,ef37db5b
狗熊蹭树,0分48秒,2023--04--02 14:19:47,普通弹幕,25,ab4531f0
先人指路,0分41秒,2023--04--02 13:13:06,普通弹幕,25,ff75288d
众神归位,0分11秒,2023--04--02 13:12:18,普通弹幕,25,ff75288d
镇站之宝,0分1秒,2023--04--02 13:11:54,普通弹幕,25,ff75288d
早期张大仙,0分9秒,2023--04--02 11:35:46,顶部弹幕,25,a9642633
跳楼00：01,0分42秒,2023--04--02 10:26:49,普通弹幕,25,99e6b154
...,0分54秒,2023--04--02 10:16:56,普通弹幕,25,33de5ac1
贴脸输出（,1分8秒,2023--04--02 09:28:53,顶部弹幕,25,cf144e8c
请选择你的英雄,0分11秒,2023--04--02 08:32:34,普通弹幕,25,19a39cf7
今夕是何年,0分55秒,2023--04--02 01:55:50,普通弹幕,25,f12cb437
物业敲门,1分21秒,2023--04--02 01:47:41,普通弹幕,25,f665e34b
深情一视,1分8秒,2023--04--02 01:47:03,普通弹幕,25,f665e34b
龙卷风摧毁停车场,0分57秒,2023--04--02 01:46:19,普通弹幕,25,f665e34b
秦王扫六合,0分57秒,2023--04--02 01:46:09,普通弹幕,25,f665e34b
仙人指路,0分43秒,2023--04--02 01:45:48,普通弹幕,25,f665e34b
黄磊稳定输出,0分22秒,2023--04--01 22:52:56,普通弹幕,25,3f6de053
黄磊稳定输出,0分20秒,2023--04--01 22:52:31,普通弹幕,25,3f6de053
对对对,0分24秒,2023--04--01 21:14:25,普通弹幕,25,607057b3
黄磊老师,0分31秒,2023--04--01 20:40:31,顶部弹幕,25,b5cabc64
牛奶       土豆       咖喱       豌豆       梨       西瓜       咸蛋,0分26秒,2023--04--01 19:26:18,顶部弹幕,25,f925c6c2
恐∽龙∽妈∽妈∽提∽笔∽忘∽字∽,0分14秒,2023--04--01 19:24:33,顶部弹幕,18,f925c6c2
选择你的猛男,0分48秒,2023--04--01 19:01:03,普通弹幕,25,d3a95559
梦开始的地方,0分0秒,2023--04--01 18:01:34,普通弹幕,25,2d26fe95
一  睹  芳  容,1分9秒,2023--04--01 17:44:43,普通弹幕,25,e86ef3ad
秦        王       扫        六        合,0分52秒,2023--04--01 17:44:12,普通弹幕,25,e86ef3ad
仙  人  指   路,0分39秒,2023--04--01 17:43:34,普通弹幕,25,e86ef3ad
永远有人系列,0分6秒,2023--04--01 15:33:39,顶部弹幕,25,ed6652e5
每日一遍，烦恼再见,0分9秒,2023--04--01 15:12:19,普通弹幕,25,ef37db5b
牛奶  咖喱  土豆  豌豆  梨   西瓜   咸蛋,0分39秒,2023--04--01 14:34:56,普通弹幕,25,44ef8f3b
老    肩    巨    滑,0分45秒,2023--04--01 14:05:51,顶部弹幕,25,80e47a35
请  选  择  你  的  英  雄,0分6秒,2023--04--01 13:09:49,普通弹幕,25,22f3b003
社区敲门送温暖,1分24秒,2023--04--01 12:20:28,普通弹幕,25,2e8034fa
今年是2023年,0分5秒,2023--04--01 12:19:04,普通弹幕,25,2e8034fa
可能妈妈鼻涕袜子,0分18秒,2023--04--01 11:59:04,普通弹幕,25,3879f3c9
牛奶，咖喱，土豆，豌豆，梨，西瓜，咸蛋,0分44秒,2023--04--01 11:32:34,普通弹幕,25,63b94c5
【便宜点便宜点便宜点】,0分39秒,2023--04--01 08:12:18,普通弹幕,25,eef329fb
好恐怖的播放量,0分29秒,2023--04--01 02:55:27,顶部弹幕,18,f09c18ee
感觉眼睛被强见,1分13秒,2023--03--31 21:40:35,普通弹幕,25,b261ea12
真真的经典,0分20秒,2023--03--31 21:32:58,普通弹幕,25,174e0b90
怀疑能上两亿,0分17秒,2023--03--31 19:22:17,普通弹幕,25,fe0021bd
物业敲门,1分18秒,2023--03--31 18:26:51,普通弹幕,25,1cc93af2
出现了 单挑,1分2秒,2023--03--31 18:15:52,普通弹幕,25,d95f58e3
请 选 择 你 的 英 雄,0分3秒,2023--03--31 18:14:35,普通弹幕,25,d95f58e3
该死的魅惑力,0分21秒,2023--03--31 02:19:27,普通弹幕,25,47078727
只因你太美,0分20秒,2023--03--30 22:44:16,普通弹幕,25,4860fe0a
yhh,0分9秒,2023--03--30 20:57:17,普通弹幕,25,f6ecd8e2
托 马 斯 回 旋,0分55秒,2023--03--30 19:46:06,顶部弹幕,25,8bfbc958
哈哈,0分34秒,2023--03--30 19:16:51,普通弹幕,25,5f60cba
pdd后排稳定输出,0分40秒,2023--03--30 18:34:02,顶部弹幕,25,10d767fd
物     业     敲     门,1分20秒,2023--03--30 18:13:52,顶部弹幕,25,11755b77
大     鹏     展     翅,1分15秒,2023--03--30 18:13:35,顶部弹幕,25,11755b77
仙     人     指     路,0分39秒,2023--03--30 18:12:43,顶部弹幕,25,11755b77
黄     磊     切     菜,0分24秒,2023--03--30 18:12:15,顶部弹幕,25,11755b77
经     典     永     流     传,0分0秒,2023--03--30 18:10:10,顶部弹幕,25,11755b77
光翼展开,1分16秒,2023--03--30 17:54:25,普通弹幕,25,53531f40
老熊蹭树,0分48秒,2023--03--30 17:53:58,普通弹幕,25,53531f40
元旦跳这个,0分59秒,2023--03--30 13:32:09,普通弹幕,25,82de9510
真就是顺着网线删人耳光啊,0分1秒,2023--03--30 01:31:21,普通弹幕,25,93be317b
[OHHHH],0分1秒,2023--03--29 23:55:47,普通弹幕,25,f0d1f946
siri：什么玩意,1分23秒,2023--03--29 23:00:57,普通弹幕,25,b2d7bcad
为什么我的手机一直震,0分19秒,2023--03--29 20:16:48,普通弹幕,25,650eb15c
2023年还有这么多人！,0分6秒,2023--03--29 19:42:33,普通弹幕,25,66b7f5e
1,0分0秒,2023--03--29 19:18:23,普通弹幕,25,bc4465b7
1,0分0秒,2023--03--29 19:18:19,普通弹幕,25,bc4465b7
欢迎回来,0分1秒,2023--03--29 18:57:17,顶部弹幕,25,b16c8354
这运镜,0分34秒,2023--03--29 15:20:10,普通弹幕,25,2d18bd43
看我多帅（doge）,1分25秒,2023--03--29 13:20:00,普通弹幕,25,3d1dd91b
黄磊：6,1分8秒,2023--03--29 13:19:26,普通弹幕,25,3d1dd91b
《真 猛男》,0分25秒,2023--03--29 13:18:42,普通弹幕,25,3d1dd91b
龙卷风摧毁停车场,0分58秒,2023--03--29 12:29:04,普通弹幕,25,46d48f51
我觉得也很像籽岷,0分11秒,2023--03--28 23:15:10,普通弹幕,25,b9371d92
。D,1分11秒,2023--03--28 20:08:09,普通弹幕,25,598c26b5
秦  王  扫  六  合,1分2秒,2023--03--28 20:07:41,普通弹幕,25,598c26b5
再来亿遍,0分3秒,2023--03--28 20:06:36,普通弹幕,25,598c26b5
火钳刘明,1分23秒,2023--03--28 19:55:05,普通弹幕,25,764e39a5
牛奶，咖喱，土豆，豌豆，梨，西瓜，咸蛋,0分26秒,2023--03--28 19:01:11,普通弹幕,25,92d870d
.6,0分8秒,2023--03--28 09:34:55,普通弹幕,18,c62a7c66
龙卷风摧毁停车场。,0分55秒,2023--03--28 09:25:38,普通弹幕,25,73b92915
每日一遍，信念不变,0分6秒,2023--03--27 23:44:25,普通弹幕,25,8f62f958
1.4亿播放啦,0分5秒,2023--03--27 23:18:25,普通弹幕,25,29a2e3e2
so,0分6秒,2023--03--27 23:03:46,普通弹幕,25,13169e0c
最早的男团,0分30秒,2023--03--27 22:00:25,普通弹幕,25,65558427
镇站之宝,0分17秒,2023--03--27 21:55:45,普通弹幕,18,d0aa419e
巜恭迎舞王》巜恭迎舞王》巜恭迎舞王》巜恭迎舞王》巜恭迎舞王》巜恭迎舞王》巜恭迎舞王》巜恭迎舞王》巜恭迎舞王》巜恭迎舞王》巜恭迎舞王》巜恭迎舞王》巜恭迎舞王》巜恭迎舞王》巜恭迎舞王》巜恭迎舞王》,0分6秒,2023--03--27 21:23:34,顶部弹幕,25,5d71469f
巜恭迎舞王》巜恭迎舞王》巜恭迎舞王》巜恭迎舞王》巜恭迎舞王》巜恭迎舞王》巜恭迎舞王》巜恭迎舞王》巜恭迎舞王》巜恭迎舞王》巜恭迎舞王》巜恭迎舞王》巜恭迎舞王》巜恭迎舞王》巜恭迎舞王》巜恭迎舞王》,0分3秒,2023--03--27 21:23:18,普通弹幕,25,5d71469f
上周我们班天天跳这个……被洗脑了,0分58秒,2023--03--27 21:15:55,普通弹幕,25,a34a99a0
籽岷挖矿,1分20秒,2023--03--27 19:28:23,普通弹幕,25,ec26acd0
梦最开始的地方,0分8秒,2023--03--27 15:07:42,普通弹幕,25,5fbb3296
恐龙妈妈提笔忘字,0分18秒,2023--03--27 06:17:15,普通弹幕,25,82e8f342
每日一遍。,0分10秒,2023--03--27 06:16:43,普通弹幕,25,82e8f342
模糊的画质，代表我们逝去的青春,0分41秒,2023--03--26 23:35:47,普通弹幕,25,17d1945
秦  王  扫  六  合,0分57秒,2023--03--26 22:40:49,顶部弹幕,25,871db8df
1.4亿！,1分27秒,2023--03--26 22:35:14,普通弹幕,25,4febee89
张大仙,1分8秒,2023--03--26 22:13:49,普通弹幕,25,67c2b644
你的下一句话是：仙人指路,0分37秒,2023--03--26 21:31:08,普通弹幕,25,d0f0c78e
1。4亿,0分41秒,2023--03--26 20:18:21,普通弹幕,25,f2a64a00
谁说内娱没有齐舞,0分25秒,2023--03--26 19:43:19,普通弹幕,25,d41000d9
头 尾 不 分,0分53秒,2023--03--26 18:35:09,顶部弹幕,25,d96205e1
模糊的画质，清晰的回忆,0分58秒,2023--03--26 18:17:06,普通弹幕,25,1deb64ed
6,0分11秒,2023--03--26 17:57:51,普通弹幕,25,81dc43ac
梦开始的地方,0分6秒,2023--03--26 17:06:18,普通弹幕,25,8688680e
梦开始的地方,0分9秒,2023--03--26 16:36:08,普通弹幕,25,c8d8d70e
道格扫六合,0分58秒,2023--03--26 13:52:10,顶部弹幕,25,e45d7bc2
道格扫六合,0分58秒,2023--03--26 13:52:00,顶部弹幕,25,e45d7bc2
道格扫六合,0分51秒,2023--03--26 13:51:31,顶部弹幕,25,e45d7bc2
道格扫六合,0分51秒,2023--03--26 13:51:19,顶部弹幕,25,e45d7bc2
秃头敲门,1分21秒,2023--03--26 13:50:26,顶部弹幕,25,e45d7bc2
秃头敲门,1分21秒,2023--03--26 13:50:16,顶部弹幕,25,e45d7bc2
秃头敲门,1分21秒,2023--03--26 13:50:04,顶部弹幕,25,e45d7bc2
镇站之宝,0分41秒,2023--03--26 13:45:29,普通弹幕,25,f7b183c7
00:01,0分5秒,2023--03--26 13:40:52,普通弹幕,25,a771ad5b
 物 业 敲 门 ,1分25秒,2023--03--26 12:09:18,顶部弹幕,25,2a8c5e68
《每日一遍》,0分5秒,2023--03--26 12:07:10,普通弹幕,25,82e8f342
请选择您的英雄,0分1秒,2023--03--26 12:00:10,顶部弹幕,25,4a1cf8d6
欢迎回来,0分0秒,2023--03--26 11:55:51,普通弹幕,25,b785c259
牛奶  咖喱  土豆  豌豆  梨  西瓜  咸蛋,0分29秒,2023--03--26 11:27:51,普通弹幕,25,b5e684ff
那19个人举手！,0分17秒,2023--03--26 08:52:42,普通弹幕,25,f1f93922
3月26日,1分23秒,2023--03--26 08:52:18,普通弹幕,25,f1f93922
现在2023年,1分8秒,2023--03--26 08:52:03,普通弹幕,25,f1f93922
萌新进站到此一游,0分17秒,2023--03--26 06:22:17,普通弹幕,25,4a412f46
萌新进站到此一游（dan,0分14秒,2023--03--26 06:21:57,普通弹幕,25,4a412f46
一亿和影,0分2秒,2023--03--26 01:24:22,普通弹幕,25,979ee041
《720p》,0分6秒,2023--03--26 00:02:29,顶部弹幕,25,a09463a3
宴请八方,0分57秒,2023--03--25 23:51:10,普通弹幕,25,ca59501
电摇（幻视,0分14秒,2023--03--25 23:19:18,普通弹幕,25,a03ab6ac
zhdj,1分23秒,2023--03--25 21:06:47,顶部弹幕,25,e45d7bc2
截图选老婆...,0分8秒,2023--03--25 21:05:55,顶部弹幕,25,26f267f1
子航dajizo,1分18秒,2023--03--25 21:05:51,普通弹幕,25,e45d7bc2
大鹏展翅,1分11秒,2023--03--25 16:55:44,普通弹幕,25,ef37db5b
仙人指路,0分53秒,2023--03--25 16:53:51,普通弹幕,25,ef37db5b
张国荣 (幻视,1分8秒,2023--03--25 16:32:06,顶部弹幕,25,43131ca3
[前方高能],0分12秒,2023--03--25 16:19:39,顶部弹幕,25,43131ca3
恐怖的播放量,0分0秒,2023--03--25 14:50:56,顶部弹幕,25,3c1bb3d8
恐龙妈妈提笔握草,0分17秒,2023--03--25 13:39:06,普通弹幕,25,6ccbd410
牛奶，咖喱，土豆，豌豆，梨，西瓜，咸蛋,0分31秒,2023--03--25 12:30:07,顶部弹幕,25,8763b348
黄  磊  老  师  未  公  开  出  道  早  期  作  品,0分29秒,2023--03--25 12:25:16,顶部弹幕,25,8763b348
这次一定,0分15秒,2023--03--25 12:24:52,普通弹幕,25,8763b348
秦王扫六合,0分51秒,2023--03--25 12:20:31,顶部弹幕,25,e3365174
秦王扫六合,0分51秒,2023--03--25 12:20:22,顶部弹幕,25,e3365174
秦王扫六合,0分51秒,2023--03--25 12:19:59,顶部弹幕,25,e3365174
秦王扫六合,0分51秒,2023--03--25 12:19:53,顶部弹幕,25,e3365174
《全站排行第三》,0分23秒,2023--03--25 09:01:46,普通弹幕,25,c9610bfb
仙人指路,0分41秒,2023--03--25 07:41:54,普通弹幕,25,98cfa5f1
德华~~~,0分35秒,2023--03--24 23:49:31,普通弹幕,25,99398664
1.4万播放量（警撅）,0分15秒,2023--03--24 22:23:10,普通弹幕,25,8276e4d5
众       神         归          位,0分14秒,2023--03--24 22:17:33,普通弹幕,25,e65d62d5
梦开始的地方,0分3秒,2023--03--24 22:17:09,普通弹幕,25,e65d62d5
1.4亿播放量就离谱,0分2秒,2023--03--24 21:06:34,普通弹幕,25,fb612d91
mc石头,1分27秒,2023--03--24 21:01:50,普通弹幕,25,c7f9efb4
鲤鱼打挺,1分18秒,2023--03--24 12:49:01,普通弹幕,25,d66aec79
666,0分6秒,2023--03--24 02:03:25,普通弹幕,25,b8adc46f
永远有人系列,0分9秒,2023--03--24 00:07:00,普通弹幕,25,53a2406f
狗 熊 蹭 树,0分46秒,2023--03--23 23:07:56,普通弹幕,25,2aa8857f
仙人指路,0分39秒,2023--03--23 23:07:39,普通弹幕,25,2aa8857f
选择你的英雄,0分6秒,2023--03--23 23:06:59,普通弹幕,25,2aa8857f
物业敲门,1分20秒,2023--03--23 23:06:37,普通弹幕,25,2aa8857f
您的iPhone已解锁,1分13秒,2023--03--23 23:06:21,普通弹幕,25,2aa8857f
宴 请 八 方,1分2秒,2023--03--23 23:05:46,普通弹幕,25,2aa8857f
恐龙妈妈提笔忘字,0分14秒,2023--03--23 17:19:56,顶部弹幕,25,eae327b
66666666,0分18秒,2023--03--23 17:14:07,普通弹幕,25,45a154eb
决 赛 圈 非 法 组 队 的 你 和 敌 人,0分47秒,2023--03--23 00:11:35,顶部弹幕,25,107e5f4d
鲤鱼划水,1分18秒,2023--03--22 23:53:26,顶部弹幕,25,a0246f17
哈哈啊哈,1分0秒,2023--03--22 22:21:28,普通弹幕,25,f93c4829
《加减乘除舞》,0分25秒,2023--03--22 18:50:56,普通弹幕,25,678f99a0
百里守约甩狙,0分51秒,2023--03--22 14:06:53,普通弹幕,25,85cb3278
镇站之宝！！,0分16秒,2023--03--22 00:12:02,普通弹幕,25,ad173bf9
黄磊也配被叫老师,1分1秒,2023--03--21 23:40:31,普通弹幕,25,667c3951
加油黄磊老师,1分8秒,2023--03--21 22:47:01,顶部弹幕,25,3043646b
为什么我的手机在震动^_^,0分11秒,2023--03--21 21:40:34,普通弹幕,25,2d6d12da
2023，已过去两年半,0分41秒,2023--03--21 20:20:54,普通弹幕,25,7bb726c9
看哭了,0分54秒,2023--03--21 19:13:21,普通弹幕,25,78bba4a1
欢迎收看本站最高播放视频,0分0秒,2023--03--21 18:34:57,顶部弹幕,25,d405f3a0
请选择你的英雄,0分1秒,2023--03--21 15:37:13,普通弹幕,25,7628d0ca
哈哈哈考古,0分2秒,2023--03--21 13:02:08,普通弹幕,25,b146f4e6
1        .4             亿        播        放          量,0分4秒,2023--03--21 07:57:30,普通弹幕,25,79c92059
圆桌骑士莫德雷德,0分5秒,2023--03--21 07:04:43,普通弹幕,25,afd0f335
这个播放量就tmd离谱,0分1秒,2023--03--20 21:36:03,普通弹幕,25,f6a46605
仙人指路,0分43秒,2023--03--20 21:03:10,普通弹幕,25,205b0e8b
物业敲门,1分21秒,2023--03--20 21:02:52,普通弹幕,25,15243e81
一睹芳容,1分12秒,2023--03--20 21:02:38,普通弹幕,25,15243e81
秦王扫六合,0分59秒,2023--03--20 21:02:09,普通弹幕,25,15243e81
一睹芳容2.0,1分13秒,2023--03--20 20:45:55,普通弹幕,25,f925c6c2
便宜点，便宜点，便宜点,0分35秒,2023--03--20 19:12:52,普通弹幕,25,6dcd06bc
物业敲门,1分20秒,2023--03--20 12:22:34,普通弹幕,25,b562fa43
哈哈哈,1分5秒,2023--03--20 12:21:55,普通弹幕,25,b562fa43
黄晓彤老师，笑死,0分48秒,2023--03--20 10:54:46,普通弹幕,25,9a59e463
秦王扫六合,0分51秒,2023--03--20 00:30:38,顶部弹幕,25,91781d09
我单推一个6。,0分44秒,2023--03--19 22:31:15,顶部弹幕,25,140234bd
好耶,0分8秒,2023--03--19 22:30:05,普通弹幕,25,cce5de7
恐龙妈妈提米丸子来他又不多,1分16秒,2023--03--19 21:04:05,普通弹幕,25,8a96f08f
秦王扫六合,0分53秒,2023--03--19 21:01:40,顶部弹幕,25,8a96f08f
仙    人    指    路,0分41秒,2023--03--19 21:01:13,普通弹幕,25,8a96f08f
你也要土豆，七毛钱一袋呦,0分37秒,2023--03--19 21:00:28,普通弹幕,25,8a96f08f
便宜的便宜的,0分22秒,2023--03--19 20:57:52,普通弹幕,25,8a96f08f
恐龙妈妈提米忘纸特又哭多,0分13秒,2023--03--19 20:57:31,顶部弹幕,25,8a96f08f
奥斯卡最佳短片,0分1秒,2023--03--19 20:56:14,普通弹幕,25,8a96f08f
[ohh],0分15秒,2023--03--19 17:33:36,普通弹幕,25,cadb4a5c
1,0分2秒,2023--03--19 17:16:34,普通弹幕,25,f831895c
恭喜100万播放量,0分5秒,2023--03--19 15:50:17,顶部弹幕,25,899997fd
江南七怪,0分23秒,2023--03--19 12:01:31,普通弹幕,25,b27e3fe0
老夫聊发少年狂,1分3秒,2023--03--19 08:38:27,普通弹幕,25,1e131ff1
横扫全场,0分55秒,2023--03--19 07:14:24,普通弹幕,18,3648f603
弄带机后仨爱红马工把一架吧唧吧,0分8秒,2023--03--18 22:43:59,普通弹幕,25,35a66c3
弄带机哦,0分4秒,2023--03--18 22:43:24,普通弹幕,25,35a66c3
斯给弄,0分2秒,2023--03--18 22:43:15,普通弹幕,25,35a66c3
贴脸杀,1分8秒,2023--03--18 21:22:38,普通弹幕,25,3648f603
无敌风火轮,1分2秒,2023--03--18 21:21:41,普通弹幕,25,3648f603
众神归位,0分31秒,2023--03--18 21:20:54,普通弹幕,25,3648f603
《众神归位》,0分0秒,2023--03--18 20:22:46,普通弹幕,25,d43356ff
众神归位,0分27秒,2023--03--18 19:49:32,普通弹幕,25,d2b7b5c5
我要爆炸了（多看了一眼）,0分24秒,2023--03--18 19:21:38,普通弹幕,25,201e0474
黄        金        体        验        镇        魂        曲,0分11秒,2023--03--18 19:19:39,普通弹幕,25,201e0474
秦王扫六合,0分54秒,2023--03--18 19:18:18,普通弹幕,18,c045f64c
万    恶     之   源,0分0秒,2023--03--18 18:12:54,普通弹幕,25,c6df5399
光翼展开接物业敲门,1分17秒,2023--03--18 17:58:31,顶部弹幕,25,66c544c
《仙 人 指 路》,0分38秒,2023--03--18 14:20:27,顶部弹幕,25,73a6cceb
《仙 人 指 路》,0分0秒,2023--03--18 14:19:23,普通弹幕,25,73a6cceb
6,0分15秒,2023--03--18 10:53:04,普通弹幕,25,c470587f
秦王绕柱走,0分30秒,2023--03--18 08:10:12,普通弹幕,25,fc80c698
入站必刷！,0分2秒,2023--03--17 20:54:59,顶部弹幕,25,9ed89d2c
镇站之宝,0分1秒,2023--03--17 20:43:02,普通弹幕,25,69b62419
说！你和关晓彤是什么关系,1分11秒,2023--03--17 15:27:48,普通弹幕,25,c8f8f204
战    术    踉    跄,0分58秒,2023--03--17 11:54:25,顶部弹幕,25,d8fe6fc1
宴   请   八   方,0分51秒,2023--03--17 11:53:55,顶部弹幕,25,d8fe6fc1
战    国    七    雄,0分3秒,2023--03--17 11:52:52,顶部弹幕,25,d8fe6fc1
战   术   踉   跄,0分58秒,2023--03--17 10:29:13,顶部弹幕,25,217ef517
1.4亿就离谱,0分22秒,2023--03--17 04:31:59,普通弹幕,25,220e5f1c
我以为我手机疯了，一直在震,0分7秒,2023--03--16 23:44:29,普通弹幕,25,746d65b3
秦王扫六合,0分53秒,2023--03--16 22:12:11,普通弹幕,25,c0bd411a
狗熊乘数,0分47秒,2023--03--16 22:11:54,普通弹幕,25,c0bd411a
白鹤亮翅,1分17秒,2023--03--16 20:50:43,普通弹幕,25,e83fe8bc
牛肉，咖喱，土豆，豌豆，梨，西瓜，咸蛋,0分27秒,2023--03--16 19:48:04,普通弹幕,25,b2af70fa
狗熊曾树,0分46秒,2023--03--16 19:41:00,普通弹幕,25,a46bcc6f
我音响要被震坏了,0分22秒,2023--03--16 14:01:30,普通弹幕,25,cea627ab
有人笑了,1分26秒,2023--03--16 11:21:30,普通弹幕,25,8f6a11ba
注：你很难在里面找到一个没有点赞的弹幕,0分1秒,2023--03--16 10:02:19,普通弹幕,25,5af37902
注：你很难在里面找到一个零点赞的弹幕,0分1秒,2023--03--16 10:01:31,顶部弹幕,25,5af37902
仙人指路yyds！,0分42秒,2023--03--16 09:59:55,普通弹幕,25,5af37902
关晓彤,1分7秒,2023--03--16 09:01:42,普通弹幕,25,61b5cf18
狒狒挠头,0分42秒,2023--03--16 09:00:51,普通弹幕,25,61b5cf18
仙人指路,0分38秒,2023--03--16 09:00:42,普通弹幕,25,61b5cf18
每日亿遍,0分25秒,2023--03--16 08:49:48,普通弹幕,25,18f1b2cf
画质越来越模糊，但记忆越来越清晰,0分6秒,2023--03--16 07:00:25,普通弹幕,25,c762055f
黄磊,0分23秒,2023--03--15 22:45:55,普通弹幕,25,81aa3041
1.4亿播放量 离谱,0分31秒,2023--03--15 22:43:26,普通弹幕,25,1d9f7668
画质封印了实力,0分16秒,2023--03--15 22:33:18,普通弹幕,25,808af5d
镇          站          之          宝,0分0秒,2023--03--15 21:29:54,顶部弹幕,25,8d4dda24
一睹芳容,1分10秒,2023--03--15 21:22:15,普通弹幕,25,c1a9e23b
秦  王  扫  六  合,0分58秒,2023--03--15 21:21:56,普通弹幕,25,c1a9e23b
梦开始的地方,0分3秒,2023--03--15 21:15:22,顶部弹幕,25,c720c680
您的面容ID已解锁,1分25秒,2023--03--15 21:09:06,普通弹幕,25,797e355
众神归位,0分9秒,2023--03--15 20:52:02,普通弹幕,25,754936f2
众神归位,0分9秒,2023--03--15 20:51:54,普通弹幕,25,754936f2
众神归位,0分9秒,2023--03--15 20:51:48,普通弹幕,25,754936f2
众神归位,0分9秒,2023--03--15 20:51:42,普通弹幕,25,754936f2
众神归位,0分9秒,2023--03--15 20:51:36,普通弹幕,25,754936f2
众神归位,0分9秒,2023--03--15 20:51:31,普通弹幕,25,754936f2
众神归位,0分9秒,2023--03--15 20:51:25,普通弹幕,25,754936f2
众神归位,0分9秒,2023--03--15 20:51:19,普通弹幕,25,754936f2
众神归位,0分9秒,2023--03--15 20:51:13,普通弹幕,25,754936f2
文艺复兴,0分1秒,2023--03--15 20:42:03,顶部弹幕,25,fb1245b1
文艺复兴,0分1秒,2023--03--15 20:41:51,顶部弹幕,25,fb1245b1
文艺复兴,0分1秒,2023--03--15 20:41:45,普通弹幕,25,fb1245b1
文艺复兴,0分1秒,2023--03--15 20:41:40,普通弹幕,25,fb1245b1
还得是经典,0分47秒,2023--03--15 19:54:58,普通弹幕,25,ca309242
牛奶咖喱土豆豌豆梨西瓜咸蛋,0分27秒,2023--03--15 18:10:50,普通弹幕,25,7cbb6db0
播放量1、 4亿 ,0分5秒,2023--03--15 13:13:22,普通弹幕,25,62820e93
呵呵哈哈哈,0分52秒,2023--03--15 12:13:57,普通弹幕,25,b9e1517
来来来,0分36秒,2023--03--15 12:13:41,普通弹幕,25,b9e1517
弹幕,0分26秒,2023--03--15 12:13:31,普通弹幕,25,b9e1517
勇闯无人,0分24秒,2023--03--15 01:00:34,顶部弹幕,25,4bb6710
仙 人 指 路 EX,0分42秒,2023--03--14 22:57:14,顶部弹幕,25,eb04179b
嘿嘿,0分36秒,2023--03--14 22:20:17,普通弹幕,25,a2ef6ef9
奥斯卡获奖短片（doge）,0分2秒,2023--03--14 21:17:39,顶部弹幕,25,6f42f84c
这播放量就离谱,0分0秒,2023--03--14 20:32:34,普通弹幕,25,2e562ed7
刘子含老公,0分25秒,2023--03--14 20:27:07,普通弹幕,25,e79278e9
OH,0分40秒,2023--03--14 20:01:09,普通弹幕,25,91116ed2
1.4亿,0分3秒,2023--03--14 19:41:50,普通弹幕,25,3945d077
一,0分29秒,2023--03--14 19:21:44,普通弹幕,25,62c559cc
1.4亿太恐怖了,0分8秒,2023--03--14 18:30:02,普通弹幕,25,ba564fdb
仙人指路,0分49秒,2023--03--13 22:41:13,普通弹幕,25,a1c1dc57
便 一点 便宜点 便宜点,0分22秒,2023--03--13 22:05:09,普通弹幕,25,df0cd24e
单刀赴会,0分51秒,2023--03--13 21:44:06,普通弹幕,25,73e7f003
播放量1.4亿,0分0秒,2023--03--13 21:22:28,普通弹幕,25,7cbb6db0
秦  王  扫  六  合,0分52秒,2023--03--13 20:56:40,顶部弹幕,25,c539756f
仙      人       指       路,0分40秒,2023--03--13 20:56:05,顶部弹幕,25,c539756f
秦王扫六合,1分7秒,2023--03--13 20:25:46,普通弹幕,25,d8f997e3
老夫撩发少年狂,1分2秒,2023--03--13 20:25:17,普通弹幕,25,d8f997e3
四年后还是这么多人看,0分10秒,2023--03--13 20:14:56,普通弹幕,25,ab611408
1亿播放量！！！！！,0分0秒,2023--03--13 19:45:33,顶部弹幕,25,13581d63
仙 人 指 路,0分44秒,2023--03--13 19:39:58,顶部弹幕,25,2ccee674
真·镇站之宝,0分1秒,2023--03--13 00:29:42,普通弹幕,25,6bf932eb
